ID,D,Rockfraction,S,FractionSand,Sand%,Texture,Texture2,fr
30B20_1,2,97.72727273,97.72727273,1,100,Sand,0,1
30B20_1,1,86.2012987,97.72727273,0.882059801,88.20598007,Sand,11.79401993,0.882059801
30B20_1,0.5,58.495671,97.72727273,0.598560354,59.85603544,Sand,40.14396456,0.598560354
30B20_1,0.25,24.35064935,97.72727273,0.249169435,24.91694352,Sand,75.08305648,0.249169435
30B20_1,0.15,10.98484848,97.72727273,0.112403101,11.24031008,Sand,88.75968992,0.112403101
30B20_1,0.05747866,6.840254487,97.72727273,0.069993302,6.999330172,Sand,93.00066983,0.069993302
30B20_1,0.044123463,6.2003604,97.72727273,0.063445548,6.344554828,Silt,93.65544517,0.063445548
30B20_1,0.036622179,5.347168285,97.72727273,0.05471521,5.471521036,Silt,94.52847896,0.05471521
30B20_1,0.026207175,4.920572227,97.72727273,0.050350041,5.035004139,Silt,94.96499586,0.050350041
30B20_1,0.021649326,4.493976169,97.72727273,0.045984872,4.598487243,Silt,95.40151276,0.045984872
30B20_1,0.015344056,3.903353928,97.72727273,0.039941296,3.9941296,Silt,96.0058704,0.039941296
30B20_1,0.011545476,3.690055899,97.72727273,0.037758712,3.775871152,Silt,96.22412885,0.037758712
30B20_1,0.008928504,3.316784348,97.72727273,0.033939189,3.393918868,Silt,96.60608113,0.033939189
30B20_1,0.005983753,2.676890262,97.72727273,0.027391435,2.739143524,Silt,97.26085648,0.027391435
30B20_1,0.001483071,1.823698147,97.72727273,0.018661097,1.866109731,Clay,98.13389027,0.018661097
30B20_1,0.001327329,1.770373639,97.72727273,0.018115451,1.811545119,Clay,98.18845488,0.018115451
30B20_1,0.001060429,1.721101795,97.72727273,0.017611274,1.761127418,Clay,98.23887258,0.017611274
30B20_1,0.001018312,1.605664901,97.72727273,0.016430059,1.643005946,Clay,98.35699405,0.016430059
30B20_1,0.000766998,1.507803766,97.72727273,0.01542869,1.54286897,Clay,98.45713103,0.01542869
35A20_1,2,97.65182186,97.65182186,1,100,Sand,0,1
35A20_1,1,89.87854251,97.65182186,0.92039801,92.039801,Sand,7.960199005,0.92039801
35A20_1,0.5,72.63157895,97.65182186,0.743781095,74.37810945,Sand,25.62189055,0.743781095
35A20_1,0.25,39.43319838,97.65182186,0.403814262,40.3814262,Sand,59.6185738,0.403814262
35A20_1,0.15,19.02834008,97.65182186,0.194859038,19.48590381,Sand,80.51409619,0.194859038
35A20_1,0.044980309,13.32685822,97.65182186,0.136473216,13.64732164,Silt,86.35267836,0.136473216
35A20_1,0.040189418,11.84892889,97.65182186,0.121338534,12.13385339,Silt,87.86614661,0.121338534
35A20_1,0.029292821,10.37099957,97.65182186,0.106203851,10.62038513,Silt,89.37961487,0.106203851
35A20_1,0.02568097,8.893070241,97.65182186,0.091069169,9.106916872,Silt,90.89308313,0.091069169
35A20_1,0.027159536,8.239455996,97.65182186,0.084375855,8.437585535,Silt,91.56241446,0.084375855
35A20_1,0.017368778,7.869973665,97.65182186,0.080592185,8.059218471,Silt,91.94078153,0.080592185
35A20_1,0.014112226,7.131009001,97.65182186,0.073024843,7.302484342,Silt,92.69751566,0.073024843
35A20_1,0.010998698,6.484414921,97.65182186,0.06640342,6.640341979,Silt,93.35965802,0.06640342
35A20_1,0.008311985,5.745450257,97.65182186,0.058836079,5.883607851,Silt,94.11639215,0.058836079
35A20_1,0.005902105,5.745450257,97.65182186,0.058836079,5.883607851,Silt,94.11639215,0.058836079
35A20_1,0.001408187,4.175150348,97.65182186,0.042755478,4.275547827,Clay,95.72445217,0.042755478
35A20_1,0.00135656,4.175150348,97.65182186,0.042755478,4.275547827,Clay,95.72445217,0.042755478
35A20_1,0.001078469,4.089799929,97.65182186,0.04188145,4.188145035,Clay,95.81185496,0.04188145
35A20_1,0.00101543,4.089799929,97.65182186,0.04188145,4.188145035,Clay,95.81185496,0.04188145
35A20_1,0.000768705,3.720317598,97.65182186,0.03809778,3.809777971,Clay,96.19022203,0.03809778
36B20_1,2,83.38607595,83.38607595,1,100,Sand,0,1
36B20_1,1,60.44303797,83.38607595,0.724857685,72.4857685,Sand,27.5142315,0.724857685
36B20_1,0.5,37.5,83.38607595,0.44971537,44.971537,Sand,55.028463,0.44971537
36B20_1,0.25,18.19620253,83.38607595,0.218216319,21.82163188,Sand,78.17836812,0.218216319
36B20_1,0.15,8.939873418,83.38607595,0.107210626,10.72106262,Sand,89.27893738,0.107210626
36B20_1,0.048558089,5.972010735,83.38607595,0.0716188,7.161880046,Silt,92.83811995,0.0716188
36B20_1,0.034649329,5.796719099,83.38607595,0.069516631,6.951663132,Silt,93.04833687,0.069516631
36B20_1,0.02841821,5.621427463,83.38607595,0.067414462,6.741446218,Silt,93.25855378,0.067414462
36B20_1,0.02482966,5.446135828,83.38607595,0.065312293,6.531229304,Silt,93.4687707,0.065312293
36B20_1,0.023827522,5.136044924,83.38607595,0.061593556,6.159355583,Silt,93.84064442,0.061593556
36B20_1,0.01363678,4.434878382,83.38607595,0.053184879,5.318487926,Silt,94.68151207,0.053184879
36B20_1,0.011109639,4.08429511,83.38607595,0.048980541,4.898054098,Silt,95.1019459,0.048980541
36B20_1,0.007980403,3.733711839,83.38607595,0.044776203,4.47762027,Silt,95.52237973,0.044776203
36B20_1,0.005855671,3.242895259,83.38607595,0.038890129,3.889012911,Silt,96.11098709,0.038890129
36B20_1,0.001470898,2.725784934,83.38607595,0.03268873,3.268873014,Clay,96.73112699,0.03268873
36B20_1,0.00130891,2.681962025,83.38607595,0.032163188,3.216318786,Clay,96.78368121,0.032163188
36B20_1,0.001031199,2.641469657,83.38607595,0.031677587,3.167758678,Clay,96.83224132,0.031677587
36B20_1,0.000998427,2.546601824,83.38607595,0.030539893,3.053989285,Clay,96.94601072,0.030539893
36B20_1,0.000745298,2.466178022,83.38607595,0.029575418,2.957541764,Clay,97.04245824,0.029575418
11A20_2,2,41.42204827,41.42204827,1,100,Sand,0,1
11A20_2,1,24.91846053,41.42204827,0.601574803,60.15748031,Sand,39.84251969,0.601574803
11A20_2,0.5,15.45988258,41.42204827,0.373228346,37.32283465,Sand,62.67716535,0.373228346
11A20_2,0.25,8.414872798,41.42204827,0.203149606,20.31496063,Sand,79.68503937,0.203149606
11A20_2,0.046277079,6.547097828,41.42204827,0.158058283,15.8058283,Silt,84.1941717,0.158058283
11A20_2,0.038653812,6.547097828,41.42204827,0.158058283,15.8058283,Silt,84.1941717,0.158058283
11A20_2,0.033853685,6.131876959,41.42204827,0.148034132,14.80341319,Silt,85.19658681,0.148034132
11A20_2,0.022915337,5.893515475,41.42204827,0.142279673,14.22796728,Silt,85.77203272,0.142279673
11A20_2,0.020018758,5.641690194,41.42204827,0.136200174,13.62001743,Silt,86.37998257,0.136200174
11A20_2,0.018408954,4.991735223,41.42204827,0.120509135,12.05091354,Silt,87.94908646,0.120509135
11A20_2,0.014553556,4.991735223,41.42204827,0.120509135,12.05091354,Silt,87.94908646,0.120509135
11A20_2,0.010975514,4.133908384,41.42204827,0.09979971,9.97997095,Silt,90.02002905,0.09979971
11A20_2,0.008505616,3.64372162,41.42204827,0.087965752,8.796575185,Silt,91.20342481,0.087965752
11A20_2,0.006004094,3.480326031,41.42204827,0.084021099,8.40210993,Silt,91.59789007,0.084021099
11A20_2,0.00141581,2.540801398,41.42204827,0.061339347,6.133934714,Clay,93.86606529,0.061339347
11A20_2,0.001265129,2.499952501,41.42204827,0.060353184,6.035318401,Clay,93.9646816,0.060353184
11A20_2,0.001012528,2.46220812,41.42204827,0.059441969,5.944196927,Clay,94.05580307,0.059441969
11A20_2,0.000954226,2.46220812,41.42204827,0.059441969,5.944196927,Clay,94.05580307,0.059441969
11A20_2,0.000736689,2.298812532,41.42204827,0.055497317,5.549731672,Clay,94.45026833,0.055497317
21A20_2,2,97.17277487,97.17277487,1,100,Sand,0,1
21A20_2,1,93.40314136,97.17277487,0.961206897,96.12068966,Sand,3.879310345,0.961206897
21A20_2,0.5,80.83769634,97.17277487,0.831896552,83.18965517,Sand,16.81034483,0.831896552
21A20_2,0.25,34.2408377,97.17277487,0.35237069,35.23706897,Sand,64.76293103,0.35237069
21A20_2,0.15,12.56544503,97.17277487,0.129310345,12.93103448,Sand,87.06896552,0.129310345
21A20_2,0.048142645,5.332823198,97.17277487,0.054879808,5.487980769,Silt,94.51201923,0.054879808
21A20_2,0.030165457,5.332823198,97.17277487,0.054879808,5.487980769,Silt,94.51201923,0.054879808
21A20_2,0.029801864,4.349577124,97.17277487,0.044761273,4.476127321,Silt,95.52387268,0.044761273
21A20_2,0.024044461,4.349577124,97.17277487,0.044761273,4.476127321,Silt,95.52387268,0.044761273
21A20_2,0.016981987,4.349577124,97.17277487,0.044761273,4.476127321,Silt,95.52387268,0.044761273
21A20_2,0.011129464,4.107933951,97.17277487,0.042274536,4.227453581,Silt,95.77254642,0.042274536
21A20_2,0.008401662,3.74546919,97.17277487,0.03854443,3.854442971,Silt,96.14555703,0.03854443
21A20_2,0.006033156,3.262182843,97.17277487,0.033570955,3.357095491,Silt,96.64290451,0.033570955
21A20_2,0.001649641,2.790978655,97.17277487,0.028721817,2.872181698,Clay,97.1278183,0.028721817
21A20_2,0.001254642,2.785614176,97.17277487,0.028666611,2.866661141,Clay,97.13333886,0.028666611
21A20_2,0.001136483,2.674748288,97.17277487,0.027525696,2.752569629,Clay,97.24743037,0.027525696
21A20_2,0.001083471,2.543971003,97.17277487,0.026179874,2.617987401,Clay,97.3820126,0.026179874
21A20_2,0.000788147,2.433105115,97.17277487,0.025038959,2.503895889,Clay,97.49610411,0.025038959
3A20_1,2,92.7919708,92.7919708,1,100,Sand,0,1
3A20_1,1,65.60218978,92.7919708,0.706981318,70.69813176,Sand,29.30186824,0.706981318
3A20_1,0.5,39.50729927,92.7919708,0.425762045,42.57620452,Sand,57.42379548,0.425762045
3A20_1,0.25,20.25547445,92.7919708,0.218289086,21.82890855,Sand,78.17109145,0.218289086
3A20_1,0.15,11.22262774,92.7919708,0.120943953,12.09439528,Sand,87.90560472,0.120943953
3A20_1,0.048110539,7.642064701,92.7919708,0.082356961,8.235696079,Silt,91.76430392,0.082356961
3A20_1,0.037032245,6.988319396,92.7919708,0.075311682,7.531168199,Silt,92.4688318,0.075311682
3A20_1,0.028670821,6.770404295,92.7919708,0.072963256,7.296325572,Silt,92.70367443,0.072963256
3A20_1,0.024938324,6.552489193,92.7919708,0.070614829,7.061482945,Silt,92.93851705,0.070614829
3A20_1,0.020538354,6.334574091,92.7919708,0.068266403,6.826640318,Silt,93.17335968,0.068266403
3A20_1,0.016133559,5.78564595,92.7919708,0.062350717,6.235071742,Silt,93.76492826,0.062350717
3A20_1,0.012703385,5.567730848,92.7919708,0.060002291,6.000229115,Silt,93.99977089,0.060002291
3A20_1,0.010606234,5.229962441,92.7919708,0.05636223,5.636223043,Silt,94.36377696,0.05636223
3A20_1,0.007848932,4.794132237,92.7919708,0.051665378,5.16653779,Silt,94.83346221,0.051665378
3A20_1,0.005768191,4.358302034,92.7919708,0.046968525,4.696852536,Silt,95.30314746,0.046968525
3A20_1,0.001547382,3.606494933,92.7919708,0.038866455,3.886645474,Clay,96.11335453,0.038866455
3A20_1,0.001186741,3.601657218,92.7919708,0.03881432,3.881431967,Clay,96.11856803,0.03881432
3A20_1,0.00107692,3.501677769,92.7919708,0.037736862,3.77368617,Clay,96.22631383,0.037736862
3A20_1,0.00100766,3.501677769,92.7919708,0.037736862,3.77368617,Clay,96.22631383,0.037736862
3A20_1,0.000752632,3.501677769,92.7919708,0.037736862,3.77368617,Clay,96.22631383,0.037736862
2C20_2,2,92.36024845,92.36024845,1,100,Sand,0,1
2C20_2,1,84.8447205,92.36024845,0.91862811,91.86281103,Sand,8.137188971,0.91862811
2C20_2,0.5,71.05590062,92.36024845,0.76933423,76.933423,Sand,23.066577,0.76933423
2C20_2,0.25,43.16770186,92.36024845,0.467383995,46.73839946,Sand,53.26160054,0.467383995
2C20_2,0.15,23.78881988,92.36024845,0.257565568,25.75655683,Sand,74.24344317,0.257565568
2C20_2,0.049221784,14.81327504,92.36024845,0.160385829,16.03858293,Silt,83.96141707,0.160385829
2C20_2,0.036622179,12.50368088,92.36024845,0.135379463,13.53794634,Silt,86.46205366,0.135379463
2C20_2,0.030261439,10.65600555,92.36024845,0.115374371,11.53743708,Silt,88.46256292,0.115374371
2C20_2,0.027587191,10.19408672,92.36024845,0.110373098,11.03730976,Silt,88.96269024,0.110373098
2C20_2,0.026649072,8.106675511,92.36024845,0.087772344,8.777234413,Silt,91.22276559,0.087772344
2C20_2,0.01716662,7.182837846,92.36024845,0.077769798,7.776979779,Silt,92.22302022,0.077769798
2C20_2,0.011423118,6.720919013,92.36024845,0.072768525,7.276852462,Silt,92.72314754,0.072768525
2C20_2,0.0083631,6.259000181,92.36024845,0.067767251,6.776725145,Silt,93.22327485,0.067767251
2C20_2,0.005983753,5.797081348,92.36024845,0.062765978,6.276597828,Silt,93.72340217,0.062765978
2C20_2,0.00161603,4.873243683,92.36024845,0.052763432,5.276343194,Clay,94.72365681,0.052763432
2C20_2,0.001220941,4.862989085,92.36024845,0.052652404,5.265240368,Clay,94.73475963,0.052652404
2C20_2,0.001119615,4.651060725,92.36024845,0.05035782,5.035781955,Clay,94.96421805,0.05035782
2C20_2,0.001226147,4.295845143,92.36024845,0.04651184,4.651184048,Clay,95.34881595,0.04651184
2C20_2,0.000913986,4.295845143,92.36024845,0.04651184,4.651184048,Clay,95.34881595,0.04651184
2A20_2,2,99.28673324,99.28673324,1,100,Sand,0,1
2A20_2,1,90.79885877,99.28673324,0.914511494,91.45114943,Sand,8.548850575,0.914511494
2A20_2,0.5,82.59629101,99.28673324,0.831896552,83.18965517,Sand,16.81034483,0.831896552
2A20_2,0.25,65.19258203,99.28673324,0.656609195,65.66091954,Sand,34.33908046,0.656609195
2A20_2,0.15,47.71754636,99.28673324,0.480603448,48.06034483,Sand,51.93965517,0.480603448
2A20_2,0.045300295,26.67502606,99.28673324,0.26866657,26.866657,Silt,73.133343,0.26866657
2A20_2,0.03253966,23.00444557,99.28673324,0.231697074,23.16970739,Silt,76.83029261,0.231697074
2A20_2,0.029149087,21.16915533,99.28673324,0.213212326,21.32123259,Silt,78.67876741,0.213212326
2A20_2,0.026412724,20.25151021,99.28673324,0.203969952,20.39699519,Silt,79.60300481,0.203969952
2A20_2,0.021815224,18.41621996,99.28673324,0.185485204,18.54852039,Silt,81.45147961,0.185485204
2A20_2,0.016607008,16.08430018,99.28673324,0.161998483,16.19984831,Silt,83.80015169,0.161998483
2A20_2,0.015015148,14.95761549,99.28673324,0.150650696,15.06506963,Silt,84.93493037,0.150650696
2A20_2,0.011751661,14.03997037,99.28673324,0.141408322,14.14083223,Silt,85.85916777,0.141408322
2A20_2,0.008372866,12.20468013,99.28673324,0.122923574,12.29235743,Silt,87.70764257,0.122923574
2A20_2,0.006004786,10.59880116,99.28673324,0.10674942,10.67494198,Silt,89.32505802,0.10674942
2A20_2,0.001597919,8.763510918,99.28673324,0.088264672,8.826467175,Clay,91.17353282,0.088264672
2A20_2,0.00121905,8.743139197,99.28673324,0.088059491,8.805949105,Clay,91.1940509,0.088059491
2A20_2,0.001111595,8.322123615,99.28673324,0.08381909,8.381908985,Clay,91.61809101,0.08381909
2A20_2,0.00105162,7.825494074,99.28673324,0.078817117,7.881711704,Clay,92.1182883,0.078817117
2A20_2,0.000785871,7.404478492,99.28673324,0.074576716,7.457671585,Clay,92.54232842,0.074576716
3720_2,2,96.37010676,96.37010676,1,100,Sand,0,1
3720_2,1,75.3024911,96.37010676,0.781388479,78.13884786,Sand,21.86115214,0.781388479
3720_2,0.5,50.74733096,96.37010676,0.526587888,52.65878877,Sand,47.34121123,0.526587888
3720_2,0.25,26.47686833,96.37010676,0.274741507,27.47415066,Sand,72.52584934,0.274741507
3720_2,0.15,14.3772242,96.37010676,0.149187592,14.91875923,Sand,85.08124077,0.149187592
3720_2,0.049001551,9.322361315,96.37010676,0.09673499,9.673499001,Silt,90.326501,0.09673499
3720_2,0.035268116,8.476642244,96.37010676,0.087959249,8.795924928,Silt,91.20407507,0.087959249
3720_2,0.029045619,8.194735887,96.37010676,0.085034002,8.503400237,Silt,91.49659976,0.085034002
3720_2,0.026496353,7.91282953,96.37010676,0.082108755,8.210875547,Silt,91.78912445,0.082108755
3720_2,0.018545251,6.920801061,96.37010676,0.071814812,7.18148116,Silt,92.81851884,0.071814812
3720_2,0.014495689,6.356988347,96.37010676,0.065964318,6.596431778,Silt,93.40356822,0.065964318
3720_2,0.011109875,6.07508199,96.37010676,0.063039071,6.303907087,Silt,93.69609291,0.063039071
3720_2,0.008189011,5.35622078,96.37010676,0.055579691,5.557969126,Silt,94.44203087,0.055579691
3720_2,0.005791023,4.947456563,96.37010676,0.051338083,5.133808324,Silt,94.86619168,0.051338083
3720_2,0.001560684,3.537924778,96.37010676,0.036711849,3.67118487,Clay,96.32881513,0.036711849
3720_2,0.001354153,3.467448189,96.37010676,0.035980537,3.598053697,Clay,96.4019463,0.035980537
3720_2,0.001076635,3.402327821,96.37010676,0.035304805,3.530480494,Clay,96.46951951,0.035304805
3720_2,0.001030905,3.2497601,96.37010676,0.033721661,3.372166131,Clay,96.62783387,0.033721661
3720_2,0.000767237,3.120421464,96.37010676,0.032379558,3.237955803,Clay,96.7620442,0.032379558
4A20_1,2,85.40145985,85.40145985,1,100,Sand,0,1
4A20_1,1,67.29927007,85.40145985,0.788034188,78.8034188,Sand,21.1965812,0.788034188
4A20_1,0.5,49.05109489,85.40145985,0.574358974,57.43589744,Sand,42.56410256,0.574358974
4A20_1,0.25,29.6350365,85.40145985,0.347008547,34.7008547,Sand,65.2991453,0.347008547
4A20_1,0.15,18.17518248,85.40145985,0.212820513,21.28205128,Sand,78.71794872,0.212820513
4A20_1,0.055227819,15.1997463,85.40145985,0.177979935,17.79799353,Sand,82.20200647,0.177979935
4A20_1,0.025604336,14.1409978,85.40145985,0.165582624,16.55826238,Silt,83.44173762,0.165582624
4A20_1,0.025598058,13.08224931,85.40145985,0.153185312,15.31853124,Silt,84.68146876,0.153185312
4A20_1,0.023942598,12.72933314,85.40145985,0.149052875,14.90528753,Silt,85.09471247,0.149052875
4A20_1,0.022270852,12.37641698,85.40145985,0.144920438,14.49204381,Silt,85.50795619,0.144920438
4A20_1,0.017870641,10.34044363,85.40145985,0.121080408,12.10804083,Silt,87.89195917,0.121080408
4A20_1,0.014727857,9.369924173,85.40145985,0.109716206,10.97162061,Silt,89.02837939,0.109716206
4A20_1,0.010353732,8.311175679,85.40145985,0.097318895,9.73188947,Silt,90.26811053,0.097318895
4A20_1,0.007846448,7.958259514,85.40145985,0.093186458,9.318645756,Silt,90.68135424,0.093186458
4A20_1,0.005703275,7.252427184,85.40145985,0.084921583,8.492158327,Silt,91.50784167,0.084921583
4A20_1,0.001570264,4.782014032,85.40145985,0.055994523,5.599452328,Clay,94.40054767,0.055994523
4A20_1,0.001204901,4.774179293,85.40145985,0.055902783,5.590278317,Clay,94.40972168,0.055902783
4A20_1,0.001098785,4.259345192,85.40145985,0.049874384,4.987438387,Clay,95.01256161,0.049874384
4A20_1,0.001049911,4.068346963,85.40145985,0.047637909,4.763790889,Clay,95.23620911,0.047637909
4A20_1,0.00077561,3.906429027,85.40145985,0.045741947,4.574194673,Clay,95.42580533,0.045741947
12A20_1,2,93.50887936,93.50887936,1,100,Sand,0,1
12A20_1,1,81.62890386,93.50887936,0.872953504,87.29535036,Sand,12.70464964,0.872953504
12A20_1,0.5,54.86834048,93.50887936,0.586771447,58.67714473,Sand,41.32285527,0.586771447
12A20_1,0.25,23.45376607,93.50887936,0.250818599,25.08185986,Sand,74.91814014,0.250818599
12A20_1,0.15,11.75750153,93.50887936,0.125736739,12.57367387,Sand,87.42632613,0.125736739
12A20_1,0.048558089,7.777986789,93.50887936,0.083179125,8.317912526,Silt,91.68208747,0.083179125
12A20_1,0.038253643,6.864782787,93.50887936,0.073413165,7.341316497,Silt,92.6586835,0.073413165
12A20_1,0.033214936,6.408180786,93.50887936,0.068530185,6.853018483,Silt,93.14698152,0.068530185
12A20_1,0.029292821,6.408180786,93.50887936,0.068530185,6.853018483,Silt,93.14698152,0.068530185
12A20_1,0.022974351,5.951578785,93.50887936,0.063647205,6.364720468,Silt,93.63527953,0.063647205
12A20_1,0.018542948,5.148187564,93.50887936,0.055055601,5.505560112,Silt,94.49443989,0.055055601
12A20_1,0.014818456,4.919886563,93.50887936,0.052614111,5.261411105,Silt,94.7385889,0.052614111
12A20_1,0.011464015,4.691585562,93.50887936,0.050172621,5.017262098,Silt,94.9827379,0.050172621
12A20_1,0.008096851,4.463284562,93.50887936,0.047731131,4.773113091,Silt,95.22688691,0.047731131
12A20_1,0.005966014,3.196214008,93.50887936,0.034180861,3.418086101,Silt,96.5819139,0.034180861
12A20_1,0.001517313,3.093478558,93.50887936,0.03308219,3.308219047,Clay,96.69178095,0.03308219
12A20_1,0.001181999,3.088410276,93.50887936,0.033027989,3.302798939,Clay,96.69720106,0.033027989
12A20_1,0.001091183,3.088410276,93.50887936,0.033027989,3.302798939,Clay,96.69720106,0.033027989
12A20_1,0.001024538,3.088410276,93.50887936,0.033027989,3.302798939,Clay,96.69720106,0.033027989
12A20_1,0.000773286,2.860109275,93.50887936,0.030586499,3.058649932,Clay,96.94135007,0.030586499
17A20_2,2,70.36789298,70.36789298,1,100,Sand,0,1
17A20_2,1,50.10033445,70.36789298,0.711977186,71.19771863,Sand,28.80228137,0.711977186
17A20_2,0.5,35.71906355,70.36789298,0.507604563,50.76045627,Sand,49.23954373,0.507604563
17A20_2,0.25,18.72909699,70.36789298,0.266159696,26.61596958,Sand,73.38403042,0.266159696
17A20_2,0.15,9.899665552,70.36789298,0.140684411,14.06844106,Sand,85.93155894,0.140684411
17A20_2,0.053326268,7.938955093,70.36789298,0.112820702,11.28207021,Sand,88.71792979,0.112820702
17A20_2,0.031735477,7.170049031,70.36789298,0.101893758,10.18937576,Silt,89.81062424,0.101893758
17A20_2,0.028017444,6.785596,70.36789298,0.096430285,9.643028536,Silt,90.35697146,0.096430285
17A20_2,0.018214388,6.016689937,70.36789298,0.085503341,8.550334084,Silt,91.44966592,0.085503341
17A20_2,0.012248643,5.103613988,70.36789298,0.072527594,7.252759423,Silt,92.74724058,0.072527594
17A20_2,0.008195085,4.478877813,70.36789298,0.063649452,6.364945181,Silt,93.63505482,0.063649452
17A20_2,0.006833288,4.286651297,70.36789298,0.060917716,6.091771568,Silt,93.90822843,0.060917716
17A20_2,0.00566404,3.902198266,70.36789298,0.055454243,5.545424342,Silt,94.45457566,0.055454243
17A20_2,0.002715161,3.281114394,70.36789298,0.046628004,4.662800399,Silt,95.3371996,0.046628004
17A20_2,0.001996207,2.896661363,70.36789298,0.041164532,4.116453173,Clay,95.88354683,0.041164532
17A20_2,0.001689445,2.600401857,70.36789298,0.03695438,3.695438001,Clay,96.304562,0.03695438
17A20_2,0.001262735,2.556612657,70.36789298,0.036332091,3.633209052,Clay,96.36679095,0.036332091
17A20_2,0.0010017,2.319981816,70.36789298,0.032969323,3.296932334,Clay,96.70306767,0.032969323
17A20_2,0.000858886,2.319981816,70.36789298,0.032969323,3.296932334,Clay,96.70306767,0.032969323
14B20_1,2,86.31178707,86.31178707,1,100,Sand,0,1
14B20_1,1,84.79087452,86.31178707,0.982378855,98.23788546,Sand,1.762114537,0.982378855
14B20_1,0.5,66.08365019,86.31178707,0.765638767,76.56387665,Sand,23.43612335,0.765638767
14B20_1,0.25,49.7338403,86.31178707,0.576211454,57.62114537,Sand,42.37885463,0.576211454
14B20_1,0.15,28.44106464,86.31178707,0.329515419,32.95154185,Sand,67.04845815,0.329515419
14B20_1,0.056822302,18.39004762,86.31178707,0.213065309,21.30653094,Sand,78.69346906,0.213065309
14B20_1,0.041627805,15.62877921,86.31178707,0.181073521,18.10735212,Silt,81.89264788,0.181073521
14B20_1,0.034421958,14.52427184,86.31178707,0.168276806,16.8276806,Silt,83.1723194,0.168276806
14B20_1,0.027212947,12.8675108,86.31178707,0.149081733,14.9081733,Silt,85.0918267,0.149081733
14B20_1,0.017342866,10.65849607,86.31178707,0.123488302,12.34883025,Silt,87.65116975,0.123488302
14B20_1,0.011783552,9.553988704,86.31178707,0.110691587,11.06915872,Silt,88.93084128,0.110691587
14B20_1,0.008021291,8.449481339,86.31178707,0.097894872,9.78948719,Silt,90.21051281,0.097894872
14B20_1,0.005862407,7.897227657,86.31178707,0.091496514,9.149651426,Silt,90.85034857,0.091496514
14B20_1,0.002860688,7.217403374,86.31178707,0.083620136,8.362013601,Silt,91.6379864,0.083620136
14B20_1,0.002042817,6.112896009,86.31178707,0.070823421,7.082342073,Silt,92.91765793,0.070823421
14B20_1,0.001720471,5.814016317,86.31178707,0.06736063,6.736062957,Clay,93.26393704,0.06736063
14B20_1,0.001552813,5.814016317,86.31178707,0.06736063,6.736062957,Clay,93.26393704,0.06736063
14B20_1,0.001282831,5.688212928,86.31178707,0.065903084,6.59030837,Clay,93.40969163,0.065903084
14B20_1,0.001030812,5.261762634,86.31178707,0.060962272,6.096227193,Clay,93.90377281,0.060962272
14B20_1,0.000915432,5.008388645,86.31178707,0.058026705,5.802670544,Clay,94.19732946,0.058026705
53A20_1,2,91.74972315,91.74972315,1,100,Sand,0,1
53A20_1,1,82.77962348,91.74972315,0.902232951,90.22329511,Sand,9.776704888,0.902232951
53A20_1,0.5,70.65337763,91.74972315,0.770066385,77.0066385,Sand,22.9933615,0.770066385
53A20_1,0.25,47.95127353,91.74972315,0.522631261,52.26312613,Sand,47.73687387,0.522631261
53A20_1,0.15,31.11849391,91.74972315,0.33916717,33.91671696,Sand,66.08328304,0.33916717
53A20_1,0.05360329,24.58971185,91.74972315,0.268008567,26.80085673,Sand,73.19914327,0.268008567
53A20_1,0.031579528,23.36937876,91.74972315,0.254707894,25.4707894,Silt,74.5292106,0.254707894
53A20_1,0.028149292,20.92871257,91.74972315,0.228106547,22.81065474,Silt,77.18934526,0.228106547
53A20_1,0.018612474,17.87787983,91.74972315,0.194854864,19.48548641,Silt,80.51451359,0.194854864
53A20_1,0.014580118,15.43721365,91.74972315,0.168253517,16.82535175,Silt,83.17464825,0.168253517
53A20_1,0.011285994,12.99654746,91.74972315,0.141652171,14.16521708,Silt,85.83478292,0.141652171
53A20_1,0.007170703,10.69487721,91.74972315,0.116565771,11.65657709,Silt,88.34342291,0.116565771
53A20_1,0.005120286,8.864377565,91.74972315,0.096614761,9.661476091,Silt,90.33852391,0.096614761
53A20_1,0.002935497,7.364100059,91.74972315,0.080262913,8.026291313,Silt,91.97370869,0.080262913
53A20_1,0.002098642,6.753933511,91.74972315,0.073612576,7.361257647,Silt,92.63874235,0.073612576
53A20_1,0.001753789,6.423711376,91.74972315,0.070013414,7.001341427,Clay,92.99865857,0.070013414
53A20_1,0.001587321,5.813544829,91.74972315,0.063363078,6.336307761,Clay,93.66369224,0.063363078
53A20_1,0.001131006,5.813544829,91.74972315,0.063363078,6.336307761,Clay,93.66369224,0.063363078
53A20_1,0.001045126,5.203378282,91.74972315,0.056712741,5.671274096,Clay,94.3287259,0.056712741
53A20_1,0.000926796,4.92343387,91.74972315,0.053661566,5.36615665,Clay,94.63384335,0.053661566
57A20_2,2,94.17420814,94.17420814,1,100,Sand,0,1
57A20_2,1,83.25791855,94.17420814,0.884084084,88.40840841,Sand,11.59159159,0.884084084
57A20_2,0.5,71.54977376,94.17420814,0.75975976,75.97597598,Sand,24.02402402,0.75975976
57A20_2,0.25,52.4321267,94.17420814,0.556756757,55.67567568,Sand,44.32432432,0.556756757
57A20_2,0.15,34.72850679,94.17420814,0.368768769,36.87687688,Sand,63.12312312,0.368768769
57A20_2,0.048343438,24.63215437,94.17420814,0.261559453,26.1559453,Silt,73.8440547,0.261559453
57A20_2,0.033618587,20.58611475,94.17420814,0.218596101,21.85961013,Silt,78.14038987,0.218596101
57A20_2,0.029029296,17.888755,94.17420814,0.189953867,18.99538669,Silt,81.00461331,0.189953867
57A20_2,0.026393787,16.54007512,94.17420814,0.17563275,17.56327496,Silt,82.43672504,0.17563275
57A20_2,0.01571828,14.51705531,94.17420814,0.154151074,15.41510738,Silt,84.58489262,0.154151074
57A20_2,0.013118629,12.4940355,94.17420814,0.132669398,13.26693979,Silt,86.73306021,0.132669398
57A20_2,0.010158516,11.14535562,94.17420814,0.118348281,11.83482807,Silt,88.16517193,0.118348281
57A20_2,0.007195224,11.14535562,94.17420814,0.118348281,11.83482807,Silt,88.16517193,0.118348281
57A20_2,0.005120286,9.796675746,94.17420814,0.104027163,10.40271635,Silt,89.59728365,0.104027163
57A20_2,0.002931333,8.812948645,94.17420814,0.093581341,9.358134056,Silt,90.64186594,0.093581341
57A20_2,0.002087311,8.812948645,94.17420814,0.093581341,9.358134056,Silt,90.64186594,0.093581341
57A20_2,0.001761612,7.773655933,94.17420814,0.082545488,8.254548762,Clay,91.74545124,0.082545488
57A20_2,0.001588085,7.773655933,94.17420814,0.082545488,8.254548762,Clay,91.74545124,0.082545488
57A20_2,0.001290267,7.620041295,94.17420814,0.080914312,8.091431237,Clay,91.90856876,0.080914312
57A20_2,0.001037991,7.099315995,94.17420814,0.075384929,7.538492901,Clay,92.4615071,0.075384929
57A20_2,0.000917159,6.789928832,94.17420814,0.072099665,7.209966471,Clay,92.79003353,0.072099665
38A20_1,2,83.73870744,83.73870744,1,100,Sand,0,1
38A20_1,1,65.04517026,83.73870744,0.776763485,77.67634855,Sand,22.32365145,0.776763485
38A20_1,0.5,47.67199444,83.73870744,0.569294606,56.92946058,Sand,43.07053942,0.569294606
38A20_1,0.25,25.71230021,83.73870744,0.307053942,30.70539419,Sand,69.29460581,0.307053942
38A20_1,0.15,12.64767199,83.73870744,0.151037344,15.10373444,Sand,84.89626556,0.151037344
38A20_1,0.042296866,9.349208255,83.73870744,0.111647392,11.16473915,Silt,88.83526085,0.111647392
38A20_1,0.034335754,8.3668648,83.73870744,0.099916336,9.991633566,Silt,90.00836643,0.099916336
38A20_1,0.028291059,8.121278936,83.73870744,0.096983572,9.698357169,Silt,90.30164283,0.096983572
38A20_1,0.023203371,7.875693072,83.73870744,0.094050808,9.405080772,Silt,90.59491923,0.094050808
38A20_1,0.015153613,7.384521344,83.73870744,0.08818528,8.818527978,Silt,91.18147202,0.08818528
38A20_1,0.012072106,7.13893548,83.73870744,0.085252516,8.525251581,Silt,91.47474842,0.085252516
38A20_1,0.009247803,6.893349616,83.73870744,0.082319752,8.231975184,Silt,91.76802482,0.082319752
38A20_1,0.006559639,6.402177888,83.73870744,0.076454224,7.645422391,Silt,92.35457761,0.076454224
38A20_1,0.004746929,5.91100616,83.73870744,0.070588696,7.058869597,Silt,92.9411304,0.070588696
38A20_1,0.00234375,5.419834432,83.73870744,0.064723168,6.472316803,Silt,93.5276832,0.064723168
38A20_1,0.001908355,5.286923362,83.73870744,0.063135956,6.313595617,Clay,93.68640438,0.063135956
38A20_1,0.001669598,5.041337498,83.73870744,0.060203192,6.02031922,Clay,93.97968078,0.060203192
38A20_1,0.001280098,4.985393039,83.73870744,0.059535109,5.953510857,Clay,94.04648914,0.059535109
38A20_1,0.001003419,4.928662704,83.73870744,0.05885764,5.885764009,Clay,94.11423599,0.05885764
38A20_1,0.000896714,4.68307684,83.73870744,0.055924876,5.592487612,Clay,94.40751239,0.055924876
52B20_1,2,73.12056738,73.12056738,1,100,Sand,0,1
52B20_1,1,58.5106383,73.12056738,0.800193986,80.01939864,Sand,19.98060136,0.800193986
52B20_1,0.5,42.62411348,73.12056738,0.582929195,58.2929195,Sand,41.7070805,0.582929195
52B20_1,0.25,13.54609929,73.12056738,0.185257032,18.5257032,Sand,81.4742968,0.185257032
52B20_1,0.037528406,10.1114991,73.12056738,0.138285293,13.82852932,Silt,86.17147068,0.138285293
52B20_1,0.028816483,7.455401196,73.12056738,0.101960385,10.19603849,Silt,89.80396151,0.101960385
52B20_1,0.024217092,6.924181616,73.12056738,0.094695403,9.469540328,Silt,90.53045967,0.094695403
52B20_1,0.015761185,5.861742456,73.12056738,0.08016544,8.016543999,Silt,91.983456,0.08016544
52B20_1,0.01331749,5.330522876,73.12056738,0.072900458,7.290045834,Silt,92.70995417,0.072900458
52B20_1,0.010022997,4.533693506,73.12056738,0.062002986,6.200298587,Silt,93.79970141,0.062002986
52B20_1,0.007277438,3.736864136,73.12056738,0.051105513,5.11055134,Silt,94.88944866,0.051105513
52B20_1,0.005112599,3.205644556,73.12056738,0.043840532,4.384053175,Silt,95.61594682,0.043840532
52B20_1,0.002609938,2.674424976,73.12056738,0.03657555,3.65755501,Silt,96.34244499,0.03657555
52B20_1,0.002091919,2.530676957,73.12056738,0.034609646,3.460964607,Silt,96.53903539,0.034609646
52B20_1,0.001828674,2.265067167,73.12056738,0.030977155,3.097715525,Clay,96.90228448,0.030977155
52B20_1,0.0013863,2.204561257,73.12056738,0.030149674,3.014967384,Clay,96.98503262,0.030149674
52B20_1,0.001104495,1.999457377,73.12056738,0.027344664,2.734466442,Clay,97.26553356,0.027344664
52B20_1,0.000966651,1.877595606,73.12056738,0.025678078,2.567807763,Clay,97.43219224,0.025678078
41E20_1,2,71.62393162,71.62393162,1,100,Sand,0,1
41E20_1,1,50.1994302,71.62393162,0.700875099,70.08750994,Sand,29.91249006,0.700875099
41E20_1,0.5,35.0997151,71.62393162,0.490055688,49.00556881,Sand,50.99443119,0.490055688
41E20_1,0.25,18.00569801,71.62393162,0.251392204,25.13922037,Sand,74.86077963,0.251392204
41E20_1,0.15,10.71225071,71.62393162,0.14956245,14.95624503,Sand,85.04375497,0.14956245
41E20_1,0.034805057,6.670508118,71.62393162,0.093132393,9.313239258,Silt,90.68676074,0.093132393
41E20_1,0.029292821,5.838488645,71.62393162,0.081515892,8.151589159,Silt,91.84841084,0.081515892
41E20_1,0.025474693,5.630483777,71.62393162,0.078611766,7.861176634,Silt,92.13882337,0.078611766
41E20_1,0.0231619,5.214474041,71.62393162,0.072803516,7.280351585,Silt,92.71964842,0.072803516
41E20_1,0.015924622,4.798464304,71.62393162,0.066995265,6.699526535,Silt,93.30047347,0.066995265
41E20_1,0.013028741,4.382454568,71.62393162,0.061187015,6.118701485,Silt,93.88129851,0.061187015
41E20_1,0.00964928,3.966444832,71.62393162,0.055378764,5.537876436,Silt,94.46212356,0.055378764
41E20_1,0.007119581,3.550435095,71.62393162,0.049570514,4.957051386,Silt,95.04294861,0.049570514
41E20_1,0.004946642,3.134425359,71.62393162,0.043762263,4.376226336,Silt,95.62377366,0.043762263
41E20_1,0.002733724,2.605843388,71.62393162,0.0363823,3.638230028,Silt,96.36176997,0.0363823
41E20_1,0.002167509,2.605843388,71.62393162,0.0363823,3.638230028,Silt,96.36176997,0.0363823
41E20_1,0.00146315,2.142450142,71.62393162,0.02991249,2.991249006,Clay,97.00875099,0.02991249
41E20_1,0.001148819,1.981828783,71.62393162,0.027669925,2.766992454,Clay,97.23300755,0.027669925
41E20_1,0.000997972,1.88639615,71.62393162,0.026337512,2.633751188,Clay,97.36624881,0.026337512
46A20_1,2,98.11810513,98.11810513,1,100,Sand,0,1
46A20_1,1,82.73848151,98.11810513,0.843253968,84.32539683,Sand,15.67460317,0.843253968
46A20_1,0.5,56.1972745,98.11810513,0.572751323,57.27513228,Sand,42.72486772,0.572751323
46A20_1,0.25,28.2284231,98.11810513,0.287698413,28.76984127,Sand,71.23015873,0.287698413
46A20_1,0.15,15.5743024,98.11810513,0.158730159,15.87301587,Sand,84.12698413,0.158730159
46A20_1,0.053320379,13.32706665,98.11810513,0.135826784,13.58267838,Sand,86.41732162,0.135826784
46A20_1,0.042709528,11.21017118,98.11810513,0.114251811,11.42518108,Silt,88.57481892,0.114251811
46A20_1,0.034649329,10.00051662,98.11810513,0.101923255,10.19232547,Silt,89.80767453,0.101923255
46A20_1,0.028670821,9.395689346,98.11810513,0.095758977,9.575897673,Silt,90.42410233,0.095758977
46A20_1,0.025154244,8.790862068,98.11810513,0.089594699,8.959469872,Silt,91.04053013,0.089594699
46A20_1,0.01641537,8.18603479,98.11810513,0.083430421,8.343042071,Silt,91.65695793,0.083430421
46A20_1,0.012674134,7.278793874,98.11810513,0.074184004,7.41840037,Silt,92.58159963,0.074184004
46A20_1,0.009644563,6.673966596,98.11810513,0.068019726,6.801972569,Silt,93.19802743,0.068019726
46A20_1,0.006994439,6.069139318,98.11810513,0.061855448,6.185544768,Silt,93.81445523,0.061855448
46A20_1,0.004874186,5.766725679,98.11810513,0.058773309,5.877330868,Silt,94.12266913,0.058773309
46A20_1,0.002774285,4.99823214,98.11810513,0.050940977,5.094097704,Silt,94.9059023,0.050940977
46A20_1,0.002169663,4.99823214,98.11810513,0.050940977,5.094097704,Silt,94.9059023,0.050940977
46A20_1,0.001428224,4.626928674,98.11810513,0.047156727,4.715672677,Clay,95.28432732,0.047156727
46A20_1,0.001123598,4.393404863,98.11810513,0.044776699,4.477669903,Clay,95.5223301,0.044776699
46A20_1,0.000975195,4.254657485,98.11810513,0.043362614,4.336261365,Clay,95.66373863,0.043362614
